{"money":0,"xp":0,"level":1,"potionLvl":1,"skillPoints":0,"equipedWeaponNum":0,"unlocks":[false,false,false,false,false],"weapons":[{"level":0,"xp":0,"upgradeCosts":[100,300],"demage":[30.0,50.0,100.0],"unlocks":[[false,false],[false]],"unlockCosts":[[50,100],[120]]},{"level":0,"xp":0,"upgradeCosts":[100,300],"demage":[30.0,50.0,100.0],"unlocks":[[false,false],[false]],"unlockCosts":[[50,100],[120]]},{"level":0,"xp":0,"upgradeCosts":[100,300],"demage":[30.0,50.0,100.0],"unlocks":[[false,false],[false]],"unlockCosts":[[50,100],[120]]}],"characterItems":[],"floor":0,"levelfloor":0,"version":0}
